frame_index,timestamp,brand_name,box_coordinates
0,0.0,Levi's,"(1119, 361, 1258, 412)"
1,1.0,&stradivarius,"(295, 476, 393, 523)"
2,2.0,CARVELA,"(676, 433, 801, 497)"
3,3.0,CARVELA,"(1059, 429, 1185, 495)"
4,4.0,@pullandbear,"(283, 674, 418, 749)"
5,5.0,HUGO BOSS,"(546, 267, 674, 385)"
6,6.0,CARVELA,"(1613, 355, 1840, 458)"
7,7.0,CARVELA,"(1652, 338, 1915, 450)"
8,8.0,&stradivarius,"(1459, 449, 1590, 509)"
9,9.0,&stradivarius,"(1481, 445, 1617, 508)"
10,10.0,CARVELA,"(1735, 326, 1920, 435)"
11,11.0,HUGO BOSS,"(94, 48, 308, 228)"
12,12.0,&stradivarius,"(1303, 452, 1429, 517)"
13,13.0,&stradivarius,"(1278, 454, 1399, 518)"
14,14.0,&stradivarius,"(1276, 447, 1397, 508)"
15,15.0,CARVELA,"(1505, 257, 1806, 386)"
16,16.0,CARVELA,"(1513, 200, 1822, 335)"
17,17.0,CARVELA,"(1507, 191, 1811, 321)"
18,18.0,CARVELA,"(1468, 195, 1759, 323)"
19,19.0,CARVELA,"(1435, 199, 1720, 325)"
20,20.0,CARVELA,"(1420, 204, 1699, 329)"
21,21.0,CARVELA,"(1405, 203, 1680, 329)"
22,22.0,CARVELA,"(1353, 209, 1609, 330)"
23,23.0,CARVELA,"(1246, 223, 1483, 333)"
24,24.0,CARVELA,"(1170, 232, 1391, 337)"
25,25.0,CARVELA,"(1120, 256, 1330, 357)"
26,26.0,CARVELA,"(1080, 295, 1284, 391)"
27,27.0,CARVELA,"(1052, 328, 1249, 423)"
28,28.0,CARVELA,"(1031, 353, 1226, 446)"
29,29.0,CARVELA,"(1019, 368, 1215, 459)"
30,30.0,CARVELA,"(1003, 377, 1195, 465)"
31,31.0,CARVELA,"(975, 386, 1166, 473)"
32,32.0,CARVELA,"(958, 390, 1151, 479)"
33,33.0,CARVELA,"(1009, 386, 1204, 476)"
34,34.0,CARVELA,"(1176, 370, 1393, 469)"
35,35.0,CARVELA,"(1324, 342, 1570, 452)"
36,36.0,&stradivarius,"(1224, 421, 1344, 481)"
37,37.0,CARVELA,"(1504, 256, 1801, 386)"
38,38.0,CARVELA,"(1550, 235, 1865, 367)"
39,39.0,&stradivarius,"(1467, 365, 1610, 435)"
41,41.0,Peals,"(1601, 509, 1677, 550)"
42,42.0,Pretels,"(1697, 513, 1779, 555)"
43,43.0,Prelals,"(1719, 515, 1802, 559)"
46,46.0,&stradivarius,"(1508, 381, 1658, 451)"
47,47.0,CARVELA,"(1737, 258, 1920, 377)"
48,48.0,fral,"(1476, 386, 1627, 454)"
52,52.0,&stradivarius,"(1490, 364, 1688, 442)"
53,53.0,sunglasshut,"(449, 218, 573, 261)"
54,54.0,sunglasshut,"(393, 184, 527, 229)"
58,58.0,&stradivarius,"(1751, 328, 1920, 419)"
65,65.0,therapie,"(479, 288, 585, 384)"
66,66.0,&stradivarius,"(1417, 311, 1909, 444)"
68,68.0,&stradivarius,"(906, 373, 1191, 457)"
69,69.0,&stradivarius,"(798, 376, 1095, 455)"
70,70.0,&stradivarius,"(724, 374, 1008, 451)"
71,71.0,&stradivarius,"(637, 372, 923, 444)"
72,72.0,CARVELA,"(1147, 294, 1558, 386)"
73,73.0,CARVELA,"(1146, 293, 1553, 385)"
74,74.0,CARVELA,"(1167, 289, 1585, 381)"
75,75.0,&stradivarius,"(751, 370, 1027, 442)"
76,76.0,&stradivarius,"(963, 362, 1251, 446)"
77,77.0,&stradivarius,"(1203, 335, 1540, 439)"
78,78.0,&stradivarius,"(1438, 300, 1866, 424)"
79,79.0,&stradivarius,"(1669, 287, 1920, 405)"
80,80.0,PENNY,"(127, 412, 219, 462)"
81,81.0,PENNY,"(72, 387, 184, 444)"
82,82.0,therapie,"(119, 58, 392, 285)"
83,83.0,Pretels,"(1178, 591, 1328, 667)"
85,85.0,CLINIC,"(131, 83, 262, 184)"
86,86.0,CLINIC,"(0, 0, 105, 109)"
87,87.0,Pretels,"(1474, 705, 1741, 793)"
88,88.0,TheFragrance Shop,"(351, 153, 610, 341)"
89,89.0,Wi-FI,"(119, 428, 208, 492)"
91,91.0,GUESS,"(1365, 324, 1562, 418)"
93,93.0,&stradivarius,"(1428, 281, 1920, 402)"
95,95.0,GUESS,"(573, 342, 749, 410)"
96,96.0,GUESS,"(517, 341, 749, 412)"
97,97.0,GUESS,"(558, 343, 750, 412)"
98,98.0,&stradivarius,"(1276, 321, 1791, 412)"
99,99.0,&stradivarius,"(1401, 312, 1920, 403)"
100,100.0,&stradivarius,"(1631, 284, 1920, 410)"
102,102.0,GUESS,"(982, 325, 1169, 409)"
103,103.0,GUESS,"(973, 324, 1163, 409)"
104,104.0,GUESS,"(947, 325, 1136, 409)"
105,105.0,GUESS,"(946, 327, 1136, 409)"
106,106.0,GUESS,"(1026, 326, 1220, 412)"
107,107.0,GUESS,"(1150, 310, 1361, 406)"
108,108.0,GUESS,"(1372, 276, 1634, 388)"
112,112.0,TikTok WE'RENOW ON,"(932, 760, 1033, 812)"
113,113.0,WE'RENOW ON,"(932, 769, 1041, 810)"
116,116.0,TikTok WE'RENOW ON,"(966, 874, 1068, 918)"
121,121.0,SAESNN,"(1382, 413, 1447, 453)"
125,125.0,SAMSUNG,"(1466, 416, 1552, 462)"
126,126.0,SAMSUNG,"(1499, 413, 1592, 459)"
129,129.0,SAMSUNG,"(1595, 392, 1719, 452)"
130,130.0,SAMSUNG,"(1637, 382, 1766, 446)"
131,131.0,SAMSUNG,"(1679, 376, 1818, 444)"
132,132.0,SAMSUNG,"(1720, 364, 1874, 436)"
133,133.0,SAMSUNG,"(1755, 355, 1920, 433)"
135,135.0,CALLLOLNLL OLLST,"(403, 11, 627, 280)"
136,136.0,SAMSUNG,"(1460, 378, 1604, 442)"
147,147.0,CALLIOENLE,"(0, 0, 290, 210)"
148,148.0,SAMSUNG,"(1504, 369, 1655, 438)"
149,149.0,SAMSUNG,"(1570, 365, 1732, 437)"
150,150.0,SAMSUNG,"(1627, 357, 1802, 432)"
151,151.0,SAMSUNG,"(1682, 336, 1871, 417)"
158,158.0,GILLY HICKS,"(258, 211, 467, 331)"
168,168.0,TORTILLA,"(1709, 482, 1773, 518)"
172,172.0,ZARA,"(1321, 96, 1623, 211)"
173,173.0,ZARA,"(1344, 80, 1682, 192)"
175,175.0,ZARA,"(982, 76, 1321, 212)"
176,176.0,ZARA,"(834, 43, 1201, 195)"
177,177.0,ZARA,"(720, 7, 1129, 174)"
178,178.0,ZARA,"(633, 0, 1069, 154)"
179,179.0,ZARA,"(597, 0, 1060, 141)"
180,180.0,ZARA,"(611, 6, 1072, 120)"
181,181.0,ZARA,"(645, 12, 1108, 120)"
182,182.0,ZARA,"(663, 42, 1116, 145)"
183,183.0,ZARA,"(686, 136, 1114, 238)"
184,184.0,ZARA,"(568, 142, 1014, 258)"
186,186.0,Vestiteld,"(1520, 436, 1593, 476)"
187,187.0,ZARA,"(636, 545, 772, 601)"
191,191.0,Vestiteld,"(1486, 337, 1575, 380)"
192,192.0,Vestiteld,"(1557, 302, 1658, 348)"
195,195.0,Vestiteld,"(926, 238, 1003, 302)"
198,198.0,SAMSUNG,"(1480, 393, 1592, 468)"
199,199.0,Resffield,"(829, 105, 907, 199)"
202,202.0,SAMSUNG,"(1580, 356, 1731, 445)"
203,203.0,SAMSUNG,"(1608, 352, 1770, 444)"
204,204.0,SAMSUNG,"(1615, 350, 1782, 443)"
205,205.0,SAMSUNG,"(1613, 351, 1780, 442)"
206,206.0,SAMSUNG,"(1612, 351, 1779, 443)"
207,207.0,SAMSUNG,"(1616, 352, 1784, 446)"
208,208.0,SAMSUNG,"(1789, 340, 1920, 431)"
210,210.0,RIVER,"(275, 207, 385, 337)"
211,211.0,nexi,"(717, 442, 781, 513)"
212,212.0,RIVER,"(600, 203, 724, 390)"
213,213.0,ISLAND RIVER,"(634, 191, 749, 377)"
214,214.0,ISLAND RIVER,"(649, 182, 767, 372)"
215,215.0,RIVER SLANO,"(609, 178, 777, 366)"
216,216.0,ISLAND RIVER,"(671, 166, 791, 361)"
219,219.0,60%OFF,"(319, 517, 466, 634)"
221,221.0,60%OFF,"(118, 527, 363, 688)"
225,225.0,HAVEYOU SEEN OUR GREEN WALLS?,"(1251, 640, 1377, 697)"
226,226.0,foodcourt,"(1465, 409, 1548, 453)"
229,229.0,foodcourt,"(1521, 404, 1610, 451)"
230,230.0,foodcourt,"(1446, 407, 1532, 453)"
233,233.0,EVEI,"(1690, 281, 1744, 330)"
234,234.0,SAMSUNG,"(1631, 382, 1769, 445)"
235,235.0,SAMSUNG,"(1605, 381, 1739, 446)"
236,236.0,SAMSUNG,"(1612, 382, 1750, 445)"
237,237.0,SAMSUNG,"(1641, 381, 1781, 441)"
238,238.0,ISUNG,"(1700, 382, 1828, 442)"
256,256.0,shopping,"(428, 797, 599, 873)"
257,257.0,VISA,"(60, 467, 120, 505)"
258,258.0,buiddoys,"(785, 771, 926, 836)"
259,259.0,shopping,"(1176, 787, 1328, 842)"
260,260.0,shopping,"(1654, 859, 1868, 928)"
261,261.0,nexr,"(568, 249, 719, 450)"
263,263.0,aexr,"(605, 170, 783, 418)"
265,265.0,fexr,"(527, 112, 757, 404)"
266,266.0,aexr,"(523, 111, 760, 403)"
277,277.0,PHONE CHARGING HERE BANK HERE,"(0, 915, 338, 1080)"
280,280.0,VISA,"(422, 419, 479, 458)"
281,281.0,foodcourt,"(1463, 281, 1740, 384)"
292,292.0,daires,"(1756, 481, 1848, 529)"
293,293.0,Wenulas,"(1683, 243, 1808, 339)"
295,295.0,daires,"(1725, 444, 1831, 500)"
296,296.0,daires,"(1775, 440, 1894, 498)"
297,297.0,Namu,"(1814, 177, 1920, 273)"
299,299.0,EPULL&BEAR,"(1331, 441, 1445, 524)"
301,301.0,EPULL&BEAR,"(1364, 441, 1482, 518)"
302,302.0,EPULL&BEAR,"(1434, 421, 1563, 515)"
303,303.0,EPULL&BEAR,"(1553, 410, 1704, 508)"
304,304.0,VISA,"(1398, 415, 1467, 453)"
305,305.0,VISA,"(1601, 378, 1679, 420)"
311,311.0,CONS,"(1290, 330, 1375, 374)"
313,313.0,SHEN,"(1104, 13, 1192, 568)"
314,314.0,OFTRAINER,"(1084, 0, 1174, 527)"
315,315.0,OFTRAINER,"(1137, 0, 1227, 489)"
319,319.0,CLINIC,"(1599, 147, 1920, 453)"
324,324.0,Vestiteld,"(1671, 844, 1841, 916)"
325,325.0,IT'STIMEFOR,"(1414, 76, 1537, 126)"
326,326.0,VHATEVER,"(1317, 203, 1605, 267)"
327,327.0,VISA WE ACCEPT,"(1460, 27, 1557, 85)"
328,328.0,Rotow'Sena,"(118, 684, 216, 732)"
329,329.0,ARKET,"(855, 329, 900, 455)"
331,331.0,ARKET,"(823, 313, 871, 455)"
333,333.0,ARKET,"(798, 290, 852, 446)"
335,335.0,ARKET,"(776, 258, 828, 429)"
336,336.0,ARKET,"(766, 238, 816, 403)"
337,337.0,ARKET,"(752, 218, 807, 418)"
338,338.0,ARKET,"(729, 187, 784, 381)"
345,345.0,WoridFamous,"(1088, 763, 1221, 814)"
348,348.0,EPULL&BEAR,"(1125, 243, 1683, 353)"
355,355.0,LOMBON Broadway,"(1101, 287, 1220, 396)"
356,356.0,Broadway,"(790, 293, 905, 391)"
357,357.0,THEADYSHO,"(1587, 356, 1637, 561)"
358,358.0,Broadway,"(597, 284, 722, 386)"
359,359.0,Buy Now,"(687, 4, 780, 65)"
360,360.0,THEADYSHO,"(1524, 393, 1569, 522)"
361,361.0,VHATEVER YOUBUY,"(622, 92, 901, 245)"
362,362.0,THEADYSHO,"(1735, 278, 1797, 471)"
367,367.0,SALE,"(63, 513, 208, 590)"
374,374.0,SeLet,"(808, 399, 899, 493)"
376,376.0,adidas,"(375, 956, 532, 1029)"
378,378.0,Selet',"(747, 342, 879, 474)"
379,379.0,SeLet,"(717, 320, 868, 470)"
384,384.0,Seled,"(126, 0, 814, 435)"
385,385.0,eLed,"(12, 0, 823, 423)"
400,400.0,MISS D195,"(556, 28, 672, 199)"
450,450.0,MISS D195,"(1350, 259, 1433, 342)"
451,451.0,HISS OTNA,"(1394, 255, 1481, 354)"
452,452.0,MISS 01A,"(1395, 254, 1482, 355)"
453,453.0,MISS D195,"(1400, 257, 1488, 355)"
454,454.0,MISS D195,"(1406, 260, 1492, 349)"
455,455.0,MISS OUA,"(1412, 245, 1501, 340)"
456,456.0,MASS TA,"(1422, 228, 1510, 322)"
457,457.0,MISS D195,"(1423, 220, 1512, 314)"
458,458.0,MISS D195,"(1426, 221, 1513, 313)"
459,459.0,MISS D195,"(1427, 221, 1516, 313)"
460,460.0,MISS D195,"(1423, 222, 1513, 314)"
461,461.0,MISS D195,"(1420, 218, 1511, 315)"
462,462.0,MISS D195,"(1427, 220, 1517, 314)"
463,463.0,MISS D195,"(1435, 223, 1527, 315)"
464,464.0,HISS OI9R,"(1430, 226, 1520, 317)"
465,465.0,MISS OUA,"(1460, 225, 1557, 327)"
466,466.0,NEW LOOK,"(0, 153, 443, 376)"
467,467.0,NEW LOOK,"(0, 130, 465, 358)"
468,468.0,MISS D195,"(1557, 138, 1681, 243)"
469,469.0,MISS D195,"(1542, 112, 1674, 223)"
470,470.0,MISS D195,"(1545, 80, 1685, 197)"
471,471.0,MISS D195,"(1607, 1, 1762, 131)"
472,472.0,OUIZ,"(1383, 245, 1478, 318)"
473,473.0,MISS D195,"(1686, 0, 1867, 132)"
474,474.0,MISS D195,"(1718, 0, 1910, 119)"
477,477.0,LUSHRESH,"(1792, 649, 1920, 736)"
483,483.0,Thepower ofkindness,"(1277, 366, 1356, 410)"
486,486.0,Vestiteld,"(1236, 236, 1336, 289)"
487,487.0,Vestiteld,"(1271, 171, 1379, 230)"
488,488.0,Vestiteld,"(1312, 98, 1430, 158)"
489,489.0,Vestiteld,"(1358, 1, 1493, 69)"
497,497.0,smiggie,"(1473, 345, 1553, 391)"
498,498.0,smiggie,"(1512, 347, 1594, 399)"
499,499.0,smiggie,"(1560, 353, 1652, 404)"
500,500.0,smiggie,"(1623, 343, 1731, 400)"
501,501.0,KIKO,"(1423, 356, 1498, 416)"
502,502.0,smiggie,"(1794, 316, 1920, 385)"
503,503.0,KIKO,"(1502, 342, 1594, 404)"
504,504.0,SKECHERS,"(483, 312, 647, 408)"
505,505.0,KIK.C,"(1610, 332, 1730, 403)"
506,506.0,KIK.C,"(1673, 322, 1803, 400)"
507,507.0,AILANO KIKC,"(1715, 319, 1859, 398)"
508,508.0,SKECHERS,"(479, 271, 661, 397)"
510,510.0,SKECHERS,"(221, 246, 445, 391)"
511,511.0,snniggle,"(1677, 338, 1838, 402)"
512,512.0,KIKO,"(1049, 383, 1137, 438)"
513,513.0,KIKO,"(910, 382, 1003, 445)"
514,514.0,GREGGS,"(1138, 828, 1331, 917)"
515,515.0,CALZEDONIA,"(1020, 340, 1316, 411)"
516,516.0,LUSHRESH,"(1496, 369, 1679, 423)"
517,517.0,Vestiteld,"(442, 904, 523, 947)"
518,518.0,LUSHRESH,"(855, 395, 983, 447)"
519,519.0,LUSHRESH,"(595, 386, 735, 443)"
520,520.0,LUSHRESH FRESH,"(477, 374, 626, 437)"
521,521.0,LUSHRESH,"(397, 356, 558, 422)"
523,523.0,AANDMIADE LUSHRESH COSMETICS FRESH,"(201, 321, 400, 402)"
530,530.0,LUSHRESH,"(985, 426, 1127, 484)"
531,531.0,CALZEDONIA,"(904, 361, 1221, 444)"
532,532.0,CALZEDONIA,"(1531, 289, 1920, 420)"
533,533.0,KIKO,"(1257, 427, 1355, 491)"
534,534.0,shopping,"(1028, 675, 1123, 717)"
535,535.0,shopping,"(1097, 670, 1198, 715)"
536,536.0,KIKC,"(1628, 382, 1758, 458)"
537,537.0,shopping,"(1160, 669, 1258, 710)"
538,538.0,MILAHO KIKC,"(1604, 385, 1734, 458)"
539,539.0,shopping,"(1113, 667, 1208, 709)"
540,540.0,AILANO KIKC,"(1587, 392, 1714, 460)"
541,541.0,shopping,"(1163, 670, 1258, 710)"
542,542.0,shopping,"(1166, 672, 1265, 714)"
543,543.0,shopping,"(1104, 673, 1199, 715)"
544,544.0,MILAHO KIKO,"(1494, 408, 1621, 474)"
545,545.0,SKECHERS,"(378, 237, 574, 418)"
546,546.0,SKECHERS,"(447, 142, 673, 368)"
547,547.0,SKECHERS,"(540, 41, 814, 327)"
554,554.0,adopt,"(1689, 562, 1833, 624)"
555,555.0,Vestiteld,"(1535, 731, 1634, 779)"
556,556.0,VANS,"(253, 0, 532, 317)"
558,558.0,schuh,"(1758, 425, 1875, 477)"
559,559.0,SKECHERS,"(550, 317, 654, 435)"
561,561.0,schuh,"(927, 457, 1010, 504)"
562,562.0,WEEKDAY,"(419, 481, 488, 522)"
563,563.0,schuh,"(843, 447, 930, 495)"
564,564.0,schuh,"(847, 439, 942, 486)"
565,565.0,schuh,"(861, 430, 961, 479)"
566,566.0,schuh,"(880, 422, 984, 476)"
567,567.0,THEADYSHO,"(23, 487, 97, 524)"
568,568.0,RotnrStonis,"(439, 69, 542, 132)"
569,569.0,RotnrStonis,"(460, 78, 561, 136)"
570,570.0,schuh,"(1064, 414, 1182, 472)"
571,571.0,RotonSomis,"(763, 115, 853, 183)"
572,572.0,schuh,"(1455, 376, 1609, 449)"
573,573.0,scnl,"(1791, 341, 1920, 413)"
574,574.0,Foot Lockei,"(0, 255, 266, 422)"
575,575.0,MORPHE,"(1158, 485, 1226, 523)"
576,576.0,MONK,"(1729, 367, 1920, 449)"
577,577.0,Boots,"(1420, 756, 1515, 839)"
578,578.0,Foot Lockei,"(0, 74, 359, 308)"
579,579.0,Bots,"(1420, 747, 1513, 825)"
580,580.0,Bots,"(1314, 737, 1403, 811)"
581,581.0,WEEKDAY,"(1182, 359, 1264, 414)"
582,582.0,BooLs,"(1102, 740, 1178, 807)"
583,583.0,BoOLs,"(1061, 746, 1139, 815)"
584,584.0,Rools,"(1036, 749, 1114, 816)"
585,585.0,WEEKDAY,"(1043, 402, 1116, 447)"
586,586.0,Boots,"(1033, 766, 1110, 834)"
587,587.0,WEEKDAY,"(1161, 404, 1244, 454)"
588,588.0,WEEKDAY,"(1437, 386, 1536, 443)"
589,589.0,WEEKDAY,"(1662, 366, 1780, 430)"
590,590.0,Boots,"(1740, 851, 1861, 945)"
591,591.0,BEAOO,"(1502, 438, 1568, 476)"
592,592.0,Foot Lockei,"(762, 257, 1000, 397)"
593,593.0,World-F SKECHERS,"(0, 67, 686, 264)"
594,594.0,SKECHERS,"(508, 177, 1018, 286)"
595,595.0,SKECHERS,"(707, 198, 1200, 274)"
596,596.0,SKECHERS,"(777, 194, 1270, 267)"
597,597.0,SKECHERS,"(808, 191, 1305, 269)"
598,598.0,SKECHERS,"(865, 179, 1380, 274)"
599,599.0,SKECHERS,"(882, 178, 1399, 282)"
600,600.0,VANS,"(25, 263, 226, 376)"
601,601.0,SKECHERS,"(767, 198, 1262, 272)"
602,602.0,best pair,"(1038, 898, 1105, 989)"
603,603.0,SKECHERS,"(569, 180, 1068, 282)"
604,604.0,World-F SKECHERS,"(100, 94, 745, 270)"
605,605.0,Foot Lockei,"(815, 270, 1049, 401)"
606,606.0,HORPNE,"(1785, 410, 1888, 464)"
607,607.0,Foot Lockei,"(492, 220, 762, 388)"
608,608.0,Foot Lockei,"(471, 190, 731, 385)"
611,611.0,WEEKDAY,"(1751, 367, 1889, 432)"
612,612.0,MORPHE,"(1282, 432, 1369, 473)"
614,614.0,Bots,"(576, 811, 685, 886)"
615,615.0,Boots,"(445, 860, 569, 938)"
616,616.0,Boots,"(431, 918, 563, 998)"
617,617.0,Boots,"(461, 932, 601, 1017)"
618,618.0,Bools,"(527, 931, 664, 1013)"
619,619.0,Boots,"(578, 936, 726, 1020)"
620,620.0,Boots,"(640, 939, 781, 1028)"
621,621.0,Boots,"(676, 941, 826, 1030)"
622,622.0,Bots,"(668, 946, 824, 1039)"
623,623.0,Bots,"(653, 948, 806, 1040)"
624,624.0,Boots,"(653, 947, 808, 1039)"
625,625.0,schuh,"(1376, 439, 1499, 490)"
626,626.0,Boots,"(663, 946, 812, 1038)"
627,627.0,Boots,"(792, 938, 938, 1025)"
628,628.0,Boots,"(1232, 955, 1390, 1049)"
630,630.0,THE BODY SHOP,"(1255, 487, 1355, 529)"
631,631.0,INGLOT,"(541, 358, 623, 443)"
632,632.0,INGLOT,"(588, 346, 671, 438)"
633,633.0,THE BODY SHOP,"(1530, 456, 1664, 514)"
634,634.0,THE BODY SHOP,"(1548, 454, 1686, 510)"
635,635.0,THE BODY SHOP,"(1548, 449, 1688, 506)"
636,636.0,THE BODY SHOP,"(1557, 426, 1697, 486)"
638,638.0,THE BODY SHOP,"(1628, 400, 1790, 459)"
639,639.0,INGLOT,"(592, 242, 708, 359)"
640,640.0,INGLOT,"(577, 210, 699, 337)"
641,641.0,INGLOT,"(483, 160, 644, 316)"
642,642.0,INGLOT,"(349, 72, 574, 269)"
643,643.0,INGLOT,"(146, 0, 484, 232)"
646,646.0,Timberdand,"(266, 120, 548, 350)"
647,647.0,Timberdand,"(68, 0, 451, 314)"
648,648.0,Timberdand,"(0, 0, 288, 223)"
652,652.0,NatNest,"(609, 319, 713, 423)"
653,653.0,NatNest,"(571, 301, 688, 415)"
654,654.0,today,"(218, 306, 315, 371)"
655,655.0,NatNest,"(445, 256, 595, 395)"
657,657.0,vodafone,"(1296, 840, 1480, 940)"
659,659.0,vodafone,"(1042, 682, 1192, 758)"
660,660.0,vodafone,"(1020, 676, 1169, 748)"
661,661.0,vodafone,"(1004, 676, 1152, 746)"
662,662.0,vodafone,"(990, 674, 1137, 743)"
663,663.0,vodafone,"(933, 673, 1081, 742)"
664,664.0,vodafone,"(840, 688, 987, 751)"
665,665.0,vodafone,"(763, 731, 913, 787)"
666,666.0,vodafone,"(697, 765, 851, 820)"
667,667.0,vodafone,"(641, 805, 799, 861)"
668,668.0,vodafone,"(626, 822, 788, 878)"
669,669.0,vodafone,"(635, 828, 798, 885)"
671,671.0,vodafone,"(1192, 819, 1360, 906)"
672,672.0,vodafone,"(1538, 869, 1766, 986)"
673,673.0,NatNest,"(90, 163, 261, 326)"
674,674.0,NatNest,"(331, 206, 470, 345)"
676,676.0,NatNest,"(493, 229, 619, 355)"
677,677.0,NatNest,"(457, 204, 630, 350)"
678,678.0,NatNest,"(451, 170, 606, 331)"
679,679.0,NatNest,"(379, 122, 572, 308)"
680,680.0,NatNest,"(265, 20, 535, 272)"
681,681.0,NatNest,"(123, 0, 488, 226)"
687,687.0,PHONE CHARGING HERE,"(1417, 697, 1465, 915)"
688,688.0,H·SAMUEI,"(608, 234, 738, 365)"
689,689.0,H·SAMUEI,"(545, 192, 707, 348)"
690,690.0,H·SAMUEI,"(479, 125, 675, 324)"
691,691.0,H·SAMUEI,"(380, 40, 642, 291)"
692,692.0,H·SAMUEI,"(387, 23, 597, 246)"
694,694.0,H·SAMUEI,"(302, 712, 351, 841)"
695,695.0,H·SAMUEI,"(44, 778, 98, 946)"
702,702.0,theSTKEE,"(653, 359, 745, 407)"
709,709.0,THEADYSHO,"(686, 278, 768, 380)"
710,710.0,Leap,"(143, 201, 354, 349)"
711,711.0,H·SAMUEI,"(618, 213, 744, 355)"
712,712.0,H·SAMUEI,"(571, 184, 720, 342)"
714,714.0,H·SAMUEI,"(465, 143, 666, 329)"
715,715.0,H·SAMUEI,"(394, 88, 639, 305)"
716,716.0,H·SAMUEI,"(336, 0, 589, 265)"
717,717.0,H·SAMUEI,"(256, 0, 526, 223)"
718,718.0,H·SAMUEI,"(314, 0, 620, 193)"
720,720.0,TNEPERFNN,"(1454, 323, 1554, 399)"
721,721.0,H·SAMUEI,"(534, 0, 1119, 248)"
722,722.0,H·SAMUEI,"(557, 0, 1147, 255)"
723,723.0,H·SAMUEI,"(527, 1, 900, 252)"
724,724.0,H·SAMUEI,"(227, 835, 283, 986)"
725,725.0,FOSSIL,"(1501, 523, 1578, 564)"
726,726.0,THE PERFUME SHOE,"(485, 326, 618, 434)"
727,727.0,FOSSIL,"(1112, 525, 1178, 565)"
728,728.0,FOSSIL,"(1013, 525, 1079, 564)"
729,729.0,FOSSIL,"(1016, 522, 1081, 563)"
730,730.0,FOSSIL,"(1036, 520, 1101, 563)"
731,731.0,FOSSIL,"(1033, 515, 1105, 557)"
732,732.0,FOSSIL,"(1015, 510, 1091, 552)"
733,733.0,FOSSIL,"(1022, 505, 1105, 549)"
734,734.0,FOSSIL,"(1027, 504, 1106, 544)"
735,735.0,FOSSIL,"(1013, 502, 1097, 545)"
736,736.0,FOSSIL,"(1026, 501, 1113, 544)"
737,737.0,FOSSIL,"(1206, 486, 1305, 532)"
738,738.0,FOSSIL,"(1282, 484, 1337, 523)"
739,739.0,FOSSIL,"(1557, 450, 1697, 508)"
740,740.0,BROWNS,"(0, 262, 110, 340)"
741,741.0,BROWNS,"(316, 154, 465, 305)"
742,742.0,FOSSIL,"(1557, 453, 1628, 497)"
744,744.0,swatch+,"(605, 427, 686, 475)"
745,745.0,swatch+,"(564, 417, 660, 473)"
746,746.0,TCSAMOND 1TOS1 BROWNS,"(988, 156, 1106, 209)"
747,747.0,THEDIAMONO BROWNS,"(993, 11, 1137, 75)"
748,748.0,FOSSIL,"(1813, 540, 1874, 593)"
749,749.0,7Martens,"(1195, 481, 1294, 528)"
750,750.0,7Martens,"(1204, 473, 1310, 529)"
751,751.0,swatch+,"(656, 211, 767, 251)"
752,752.0,7Martens,"(1292, 460, 1415, 518)"
753,753.0,7Martens,"(1349, 450, 1487, 510)"
754,754.0,7Martens,"(1405, 437, 1555, 503)"
758,758.0,pinlberry,"(1781, 335, 1920, 385)"
759,759.0,7Martens,"(1688, 331, 1920, 440)"
761,761.0,FOLLOWUS ON0000,"(535, 714, 669, 819)"
764,764.0,CalvinKle,"(1154, 372, 1234, 428)"
765,765.0,CalvinKle,"(1091, 376, 1171, 428)"
766,766.0,CalvinKle,"(1065, 376, 1146, 428)"
767,767.0,CalvinKle,"(1119, 359, 1207, 424)"
768,768.0,CalvinKle,"(1425, 318, 1539, 386)"
769,769.0,FOOTASYLUMACOM,"(423, 273, 536, 368)"
770,770.0,POLICE,"(1567, 466, 1649, 503)"
771,771.0,ONLINE&IN-STORE FOOTASYLUMACOM,"(346, 150, 522, 294)"
772,772.0,CalvinKle,"(1833, 273, 1920, 325)"
773,773.0,JLICE,"(1830, 435, 1910, 477)"
774,774.0,CHOICE·,"(1371, 401, 1483, 469)"
775,775.0,FOOTAGYUN,"(485, 217, 747, 413)"
776,776.0,CHOICE·,"(1457, 368, 1609, 453)"
777,777.0,FOOTAGYUN,"(0, 0, 723, 361)"
778,778.0,TA2VUW,"(321, 0, 665, 309)"
779,779.0,FOOTAGYUN,"(646, 234, 756, 276)"
780,780.0,CHOICE·,"(1533, 298, 1785, 417)"
781,781.0,CHOICE·,"(1590, 269, 1881, 402)"
788,788.0,CHOICE·,"(1080, 245, 1455, 367)"
789,789.0,CHOICE·,"(425, 366, 526, 420)"
790,790.0,CHOICE·,"(358, 359, 466, 412)"
791,791.0,CHOICE·,"(350, 353, 454, 411)"
792,792.0,MULYSATO,"(1401, 456, 1613, 528)"
793,793.0,MULYSATO,"(1196, 460, 1387, 523)"
794,794.0,CHOICE·,"(0, 93, 483, 255)"
795,795.0,POLICE,"(681, 323, 906, 433)"
796,796.0,POLICE,"(466, 303, 717, 429)"
797,797.0,POLICE,"(191, 221, 337, 288)"
798,798.0,POLICE,"(92, 202, 248, 270)"
799,799.0,CalvinKle,"(637, 393, 730, 434)"
800,800.0,POLICE,"(489, 304, 737, 428)"
801,801.0,CHOICE·,"(0, 120, 548, 266)"
802,802.0,CHOICE·,"(999, 192, 1419, 342)"
804,804.0,LOMBON TED JAKEN,"(476, 299, 605, 402)"
809,809.0,LACOSTE,"(249, 288, 373, 381)"
810,810.0,LACOSTE,"(194, 241, 360, 363)"
811,811.0,LACOSTE,"(103, 164, 364, 336)"
812,812.0,mobiebitz,"(961, 405, 1192, 472)"
813,813.0,mobiebitz,"(1232, 316, 1600, 405)"
814,814.0,WEBUY,"(1494, 842, 1587, 884)"
815,815.0,TRUE RELIGION,"(494, 207, 604, 246)"
821,821.0,SuperdryStore,"(971, 305, 1186, 402)"
823,823.0,superaryStoro,"(933, 283, 1320, 404)"
824,824.0,supartihy,"(787, 326, 876, 390)"
828,828.0,O2LE,"(1722, 417, 1849, 457)"
829,829.0,TTERS DUTFI OFTRAINER,"(145, 350, 222, 426)"
830,830.0,SuperdryStore,"(811, 241, 1341, 363)"
831,831.0,HneOB,"(1291, 442, 1376, 482)"
832,832.0,Bupenthy,"(866, 258, 952, 336)"
834,834.0,SuperdryStore,"(1408, 181, 1522, 266)"
835,835.0,HUGO BOSS,"(320, 202, 468, 337)"
836,836.0,URBAN TTERS DUTFI,"(1660, 304, 1733, 380)"
837,837.0,HUGO BOSS,"(526, 166, 685, 318)"
838,838.0,HUGO BOSS,"(543, 123, 733, 301)"
839,839.0,HUGO BOSS,"(630, 85, 860, 291)"
841,841.0,HUGO BOSS,"(545, 0, 903, 295)"
842,842.0,HUGO BOSS,"(825, 78, 988, 241)"
843,843.0,HUGO BOSS,"(950, 6, 1155, 177)"
848,848.0,HUGO BOSS,"(440, 647, 528, 687)"
849,849.0,HUGO BOSS,"(392, 675, 486, 718)"
850,850.0,HUGO BOSS,"(363, 683, 463, 727)"
851,851.0,HUGO BOSS,"(1045, 282, 1353, 438)"
853,853.0,NO EXIT,"(969, 427, 1022, 468)"
854,854.0,NO EXIT,"(1190, 448, 1271, 486)"
855,855.0,NO EXIT,"(836, 466, 894, 506)"
856,856.0,NO EXIT,"(1127, 468, 1210, 511)"
857,857.0,NO EXIT,"(991, 457, 1048, 499)"
858,858.0,NO EXIT,"(805, 442, 871, 486)"
859,859.0,NO EXIT,"(1220, 438, 1316, 486)"
860,860.0,NO EXIT,"(1046, 418, 1117, 467)"
861,861.0,NO EXIT,"(1316, 410, 1397, 460)"
862,862.0,NO EXIT,"(1079, 368, 1164, 424)"
863,863.0,NO EXIT,"(1145, 314, 1245, 377)"
864,864.0,NO EXIT,"(775, 220, 905, 294)"
865,865.0,NO EXIT,"(1324, 164, 1458, 244)"
866,866.0,NO EXIT,"(1420, 81, 1583, 173)"
867,867.0,NO EXIT,"(1490, 32, 1670, 131)"
868,868.0,HUGO BOSS,"(546, 398, 661, 480)"
869,869.0,HUGO BOSS,"(521, 388, 613, 463)"
871,871.0,HUGO BOSS,"(519, 349, 673, 450)"
872,872.0,HUGO BOSS,"(476, 319, 669, 434)"
873,873.0,HUGO BOSS,"(385, 286, 645, 435)"
875,875.0,YBTVEOM,"(745, 116, 1054, 210)"
877,877.0,OPENING HOURS,"(367, 628, 547, 672)"
879,879.0,PAPA,"(379, 309, 475, 384)"
881,881.0,ARMANI EXCHANGE,"(1637, 0, 1910, 130)"
882,882.0,John Lewis,"(378, 139, 628, 267)"
883,883.0,John Lewis,"(200, 142, 488, 296)"
884,884.0,ARMANI EXCHANGE,"(1113, 125, 1622, 254)"
885,885.0,ARMANI EXCHANGE,"(1190, 85, 1753, 223)"
886,886.0,ARMANI EXCHANGE,"(1312, 33, 1920, 187)"
887,887.0,John Lewis,"(194, 64, 528, 271)"
888,888.0,John Lewis,"(218, 47, 543, 256)"
905,905.0,John Lewis,"(422, 0, 704, 124)"
906,906.0,John Lewis,"(535, 0, 922, 141)"
907,907.0,John Lewis,"(765, 0, 1138, 131)"
908,908.0,John Lewis,"(1005, 0, 1404, 98)"
910,910.0,TAPI LEVOLUY,"(961, 354, 1066, 428)"
914,914.0,NO ENTRY,"(206, 392, 341, 454)"
915,915.0,NO ENTRY,"(46, 354, 261, 430)"
916,916.0,HUGO BOSS,"(696, 498, 782, 565)"
917,917.0,HUGO BOSS,"(673, 484, 772, 560)"
918,918.0,HUGO BOSS,"(649, 474, 759, 555)"
919,919.0,HUGO BOSS,"(624, 466, 748, 554)"
920,920.0,HUGO BOSS,"(597, 448, 741, 546)"
921,921.0,HUGO BOSS,"(575, 426, 732, 535)"
922,922.0,HUGO BOSS,"(511, 401, 706, 529)"
923,923.0,HUGO BOSS,"(441, 369, 682, 520)"
924,924.0,HUGO BOSS,"(294, 319, 625, 506)"
925,925.0,HUGO BOSS,"(41, 251, 542, 498)"
926,926.0,HUGO BOSS,"(0, 234, 532, 507)"
928,928.0,HUGO BOSS,"(0, 203, 351, 483)"
931,931.0,HUGO BOSS,"(704, 263, 787, 371)"
933,933.0,HUGO BOSS,"(677, 200, 781, 336)"
936,936.0,GAME,"(1527, 413, 1616, 483)"
937,937.0,JAME,"(1525, 408, 1612, 478)"
939,939.0,GAME,"(1391, 415, 1455, 456)"
940,940.0,GAME,"(1426, 411, 1496, 452)"
941,941.0,GAME,"(1473, 402, 1545, 448)"
942,942.0,GAME,"(1523, 390, 1598, 435)"
943,943.0,GAME,"(1698, 336, 1851, 433)"
944,944.0,QDDRING,"(1193, 813, 1401, 1080)"
951,951.0,PLAN-CHOS,"(1517, 675, 1652, 726)"
952,952.0,CASINO,"(49, 348, 134, 396)"
953,953.0,GAME,"(1303, 288, 1365, 344)"
954,954.0,GAME,"(1420, 240, 1871, 364)"
955,955.0,AFRICA,"(611, 221, 715, 295)"
956,956.0,Flavoul,"(916, 251, 1752, 553)"
957,957.0,REDKEN,"(319, 450, 431, 495)"
958,958.0,CASINO ASPERS,"(447, 135, 557, 194)"
959,959.0,CASINO ASPERS,"(369, 81, 493, 145)"
962,962.0,OAMTOSAM,"(116, 0, 444, 221)"
963,963.0,CASINO ASPERS,"(0, 292, 487, 659)"
964,964.0,VERYDAY,"(231, 40, 465, 250)"
965,965.0,VERYDAY,"(102, 0, 389, 197)"
966,966.0,MOUNTAIN,"(1497, 392, 1582, 434)"
967,967.0,GUIens,"(452, 170, 625, 388)"
968,968.0,Cuensy,"(370, 115, 594, 371)"
969,969.0,change,"(91, 335, 228, 417)"
970,970.0,change,"(0, 294, 134, 396)"
971,971.0,Sutenc,"(10, 0, 419, 271)"
974,974.0,YIIET,"(1023, 578, 1141, 635)"
975,975.0,Tkemax,"(1273, 331, 1422, 456)"
976,976.0,LEIIIA,"(893, 579, 977, 620)"
977,977.0,LEIIA,"(946, 575, 1016, 614)"
979,979.0,UNDER ARMOUR,"(1214, 634, 1265, 861)"
980,980.0,BALANS,"(1315, 417, 1496, 475)"
983,983.0,BALANS,"(1540, 313, 1836, 391)"
986,986.0,ANDEY,"(150, 305, 226, 361)"
991,991.0,BALANS,"(246, 369, 325, 416)"
992,992.0,BALANS,"(130, 340, 225, 392)"
1021,1021.0,AFFE,"(63, 117, 394, 352)"
1031,1031.0,ONLINE&IN-STORE VHATEVER,"(1053, 444, 1143, 493)"
1032,1032.0,VHATEVER YOUBUY,"(1053, 439, 1145, 494)"
1038,1038.0,VISA,"(1087, 432, 1158, 471)"
1039,1039.0,BUZZBIKE,"(1076, 484, 1167, 522)"
1040,1040.0,BUZZBIKE,"(1071, 484, 1162, 523)"
1041,1041.0,BUZZBIKE,"(1076, 485, 1168, 524)"
1042,1042.0,BUZZBIKE,"(1103, 485, 1198, 523)"
1043,1043.0,BUZZOZRE,"(1129, 480, 1226, 520)"
1045,1045.0,adidas,"(395, 832, 509, 938)"
1047,1047.0,BUZZBIKE,"(1177, 487, 1288, 526)"
1048,1048.0,BUZZBIKE,"(1181, 484, 1299, 527)"
1051,1051.0,LANCOME,"(1193, 237, 1292, 280)"
1052,1052.0,LANCOME,"(1202, 213, 1309, 258)"
1054,1054.0,LANCOME,"(1246, 142, 1370, 187)"
1055,1055.0,LANCOME,"(1298, 90, 1429, 139)"
1056,1056.0,LANCOME,"(1354, 35, 1502, 87)"
1057,1057.0,LANCOME,"(1482, 151, 1536, 317)"
1070,1070.0,Vestiteld,"(265, 333, 472, 467)"
1071,1071.0,Vestiteld,"(456, 350, 661, 475)"
1072,1072.0,Westtetd,"(460, 347, 676, 475)"
1073,1073.0,Yestfeu,"(139, 304, 414, 456)"
1074,1074.0,WYOUPAY WATTEES,"(753, 183, 950, 351)"
1082,1082.0,OURENELZAIETH OOPSNCFAEC,"(1415, 371, 1539, 429)"
1083,1083.0,QUEEN ELIZABETH OLYMPIC PARK,"(1527, 330, 1666, 395)"
1219,1219.0,OLYMPIC PARK,"(425, 132, 556, 243)"
1220,1220.0,QUEEN ELIZABETH OLYMPIC PARK,"(253, 19, 441, 158)"
1223,1223.0,BUZZBIKE,"(594, 640, 668, 687)"
1225,1225.0,BUZZBIKE,"(408, 648, 489, 697)"
1226,1226.0,adidas,"(363, 891, 441, 932)"
1228,1228.0,BUZZBIKE,"(145, 655, 253, 709)"
1229,1229.0,BUZZBIKE,"(149, 654, 263, 711)"
1239,1239.0,VISA,"(0, 596, 164, 694)"
1240,1240.0,STRATFORD STATION,"(1643, 750, 1772, 830)"
1245,1245.0,TTERS,"(0, 645, 92, 716)"
1246,1246.0,VISA,"(214, 675, 268, 721)"
1249,1249.0,VISA,"(138, 567, 284, 662)"
1250,1250.0,VISA,"(149, 564, 296, 661)"
